,,,,,,,
SGJ College Koday-Mandvi,,,,,,,
Library Register,,,,,,,
Library Book Register,,,,,,,
,,,,,,,
,,,,,,,
Sr. No.,Unique No.,Title of the Book,Name of Author,Publication,No of Copies,Category,Rack No.
1,705,MARKETING RESEARCH,"A PARSHURAMAN, DHRUV GREWAL, R KRISHANAN",BIZTANTRA PUBLICATION,,Marketing,
2,683,MARKETING RESEARCH,"A PARSHURAMAN, DHRUV GREWAL, R KRISHANAN",BIZTANTRA PUBLICATION,,Marketing,
3,1210,MARKETING IN PUBLIC SECTOR,"PHILIP KETLER, NANCY LEE",WHATSON SCHOOL PUBLISHING,,Marketing,
4,117,THE HANDBOOK FOR MEDIA HANDLING ,JOHN CLARE ,INFINITY  BOOKS,,Marketing,
5,178,THE HANDBOOK FOR MEDIA HANDLING ,JOHN CLARE ,INFINITY  BOOKS,,Marketing,
6,663,"RURAL MARKETING ENVIRONMENT, PROBLEMS AND STRATEGIES",T P GOPALASWAMY ,VIKAS PUBLISHING HOUSE,,Marketing,
7,650,"RURAL MARKETING ENVIRONMENT, PROBLEMS AND STRATEGIES",T P GOPALASWAMY ,VIKAS PUBLISHING HOUSE,,Marketing,
8,686,"RURAL MARKETING ENVIRONMENT, PROBLEMS AND STRATEGIES",T P GOPALASWAMY ,VIKAS PUBLISHING HOUSE,,Marketing,
9,692,MARKETING TOOL KIT AN ENCYCLOPIDIA OF FRESH AND TESTED IDEAS,NICK ROBINSON,JAICO PUBLISHING HOUSE ,,Marketing,
10,43,MARKETING IN PUBLIC SECTOR,"PHILIP KETLER, NANCY LEE",WHATSON SCHOOL PUBLISHING,,Marketing,
11,633,FOUNDATIONS OF MARKETING ,"DAVID JOBBER, JOHN FAHY",TATA MCGRAW HILL,,Marketing,
12,699,FOUNDATIONS OF MARKETING ,"DAVID JOBBER, JOHN FAHY",TATA MCGRAW HILL,,Marketing,
13,647,DIRECT MARKETING ,ROBERT MCCOY,JAICO PUBLISHING HOUSE ,,Marketing,
14,648,DIRECT MARKETING ,ROBERT MCCOY,JAICO PUBLISHING HOUSE ,,Marketing,
15,1206,"RURAL MARKETING ENVIRONMENT, PROBLEMS AND STRATEGIES",T P GOPALASWAMY ,VIKAS PUBLISHING HOUSE,,Marketing,
16,684,MARKETING RESEARCH,G C BERI ,TATA MCGRAW HILL,,Marketing,
17,Z2170,MARKETING RESEARCH,G C BERI ,TATA MCGRAW HILL,,Marketing,
18,725,MANAGING INDIAN BRANDS,S RAMESH KUMAR ,VIKAS PUBLISHING HOUSE,,Marketing,
19,1138,MANAGING INDIAN BRANDS,S RAMESH KUMAR ,VIKAS PUBLISHING HOUSE,,Marketing,
20,1085,MANAGING INDIAN BRANDS,S RAMESH KUMAR ,VIKAS PUBLISHING HOUSE,,Marketing,
21,1201,RURAL MARKETING CONCEPTS AND PRACTICES ,"BALRAM DOGRA, KARMINDER GHUMAN",TATA MCGRAW HILL,,Marketing,
22,1192,RURAL MARKETING CONCEPTS AND PRACTICES ,"BALRAM DOGRA, KARMINDER GHUMAN",TATA MCGRAW HILL,,Marketing,
23,693,RURAL AND AGRICULTURAL MARKETING INCLUDES CASE STUDIES,RAMKISHEN Y ,JAICO PUBLISHING HOUSE ,,Marketing,
24,694,RURAL AND AGRICULTURAL MARKETING INCLUDES CASE STUDIES,RAMKISHEN Y ,JAICO PUBLISHING HOUSE ,,Marketing,
25,Z3033,RURAL AND AGRICULTURAL MARKETING INCLUDES CASE STUDIES,RAMKISHEN Y ,JAICO PUBLISHING HOUSE ,,Marketing,
26,680,MARKETING CHANNELS,"ANNET CONGHLAM, ERIN ANDREVAN, LOUIS STERN, ADEL ",PEARSON EDUCATION,,Marketing,
27,587,MARKETING MANAGEMENT ,"RAMASWAMY, NAMAKUMARI",MACMILLAN EDUCATION,,Marketing,
28,536,MARKETING MANAGEMENT ,"RAMASWAMY, NAMAKUMARI",MACMILLAN EDUCATION,,Marketing,
29,Z3005,MARKETING MANAGEMENT ,SAXENA ,TATA MCGRAW HILL,,Marketing,
30,1163,Strategic Management: Concepts and Cases: Competitiveness and Globalization,"Michael A. Hitt, R. Duane Ireland, Robert E. Hoskisson, Jeffrey S. Harrison",cengage education,,Marketing,
31,688,MARKETING ,"KERIEN, HARTLY, RUDELIUS",MCGRAW HILL,,Marketing,
32,Z3009,MARKETING ,"KERIEN, HARTLY, RUDELIUS",MCGRAW HILL,,Marketing,
33,687,MARKETING ,"KERIEN, HARTLY, RUDELIUS",MCGRAW HILL,,Marketing,
34,Z3010,INTRODUCTION TO MARKETING,ADRIAN PALMER,OXFORD,,Marketing,
35,643,INDUSTRIAL MARKETING MANAGEMENT,M GOVINDRAJAN,VIKAS PUBLISHING HOUSE,,Marketing,
36,696,INDUSTRIAL MARKETING MANAGEMENT,M GOVINDRAJAN,VIKAS PUBLISHING HOUSE,,Marketing,
37,2266,RETAILING MANAGEMENT,SWAPNA PRADHAN,MCGRAW HILL,,Marketing,
38,1187,Rural Marketing: Text and Cases,"C. S. G. Krishnamacharyulu ,Lalitha Ramakrishnan",PEARSON EDUCATION,,Marketing,
39,1213,Rural Marketing: Text and Cases,"C. S. G. Krishnamacharyulu ,Lalitha Ramakrishnan",PEARSON EDUCATION,,Marketing,
40,652,MARKETING CONSEPTS AND CASES,PRIDE FERREL,BIZTANTRA PUBLICATION,,Marketing,
41,Z2216,MARKETING MANAGEMENT ,"SAROJKUMAR, NEERAJ TRIPATHI",,,Marketing,
42,603,CONTEMPORARY INDIAN CASES IN MARKETING,MUKESH PANDEY,BIZTANTRA PUBLICATION,,Marketing,
43,243,MULTIMEDIA MAKING IT WORK ,TAY VAUGHAN,MCGRAW HILL,,Marketing,
44,Z2182,MULTIMEDIA MAKING IT WORK ,TAY VAUGHAN,MCGRAW HILL,,Marketing,
45,Z2181,MULTIMEDIA MAKING IT WORK ,TAY VAUGHAN,MCGRAW HILL,,Marketing,
46,668,MARKETING ,"JOEL EVANS, BARRY BERMAN",BIZTANTRA PUBLICATION,,Marketing,
47,672,MARKETING ,"JOEL EVANS, BARRY BERMAN",BIZTANTRA PUBLICATION,,Marketing,
48,671,MARKETING ,"JOEL EVANS, BARRY BERMAN",BIZTANTRA PUBLICATION,,Marketing,
49,Z3000,GLOBAL MARKETING MANAGEMENT ,WARREN J KEEGAN,PEARSON EDUCATION,,Marketing,
50,Z3001,GLOBAL MARKETING MANAGEMENT ,WARREN J KEEGAN,PEARSON EDUCATION,,Marketing,
51,Z3002,GLOBAL MARKETING MANAGEMENT ,WARREN J KEEGAN,PEARSON EDUCATION,,Marketing,
52,1196,MARKETING ,"Michael J. Etzel, Bruce J. Walker, William J. Stanton",MCGRAW HILL,,Marketing,
53,Z3003,MARKETING ,"Michael J. Etzel, Bruce J. Walker, William J. Stanton",MCGRAW HILL,,Marketing,
54,658,MARKETING RESEARCH,NARESH MALHOTRA,PEARSON EDUCATION,,Marketing,
55,679,MARKETING RESEARCH,NARESH MALHOTRA,PEARSON EDUCATION,,Marketing,
56,Z3004,MARKETING RESEARCH,NARESH MALHOTRA,PEARSON EDUCATION,,Marketing,
57,1117,MARKETING RESEARCH,NARESH MALHOTRA,PEARSON EDUCATION,,Marketing,
58,Z2235,RURAL MARKETING ,PRADEEP KASHYAP,PEARSON EDUCATION,,Marketing,
59,Z2236,RURAL MARKETING ,PRADEEP KASHYAP,PEARSON EDUCATION,,Marketing,
60,657,MARKETING RESEARCH,"ALVIN BURNS, RONALD BUSH",PEARSON EDUCATION,,Marketing,
61,679,MARKETING RESEARCH,"ALVIN BURNS, RONALD BUSH",PEARSON EDUCATION,,Marketing,
62,Z2211,INTERNATIONAL MARKETING,DANA NICOLETA LASCU,BIZTANTRA PUBLICATION,,Marketing,
63,660,INTERNATIONAL MARKETING,DANA NICOLETA LASCU,BIZTANTRA PUBLICATION,,Marketing,
64,664,INTERNATIONAL MARKETING,DANA NICOLETA LASCU,BIZTANTRA PUBLICATION,,Marketing,
65,Z1114,SERVICES MARKETING,"CHRISTOPHER LOVELOCK, JOCHEN WIRTZ, JAYANTEE CHATTERJEE",PEARSON EDUCATION,,Marketing,
66,2281,SERVICES MARKETING,"CHRISTOPHER LOVELOCK, JOCHEN WIRTZ, JAYANTEE CHATTERJEE",PEARSON EDUCATION,,Marketing,
67,2375,SERVICES MARKETING,"CHRISTOPHER LOVELOCK, JOCHEN WIRTZ, JAYANTEE CHATTERJEE",PEARSON EDUCATION,,Marketing,
68,667,INTERNATIONAL MARKETING,RAJAGOPAL,VIKAS PUBLISHING HOUSE,,Marketing,
69,Z3007,INTERNATIONAL MARKETING,RAJAGOPAL,VIKAS PUBLISHING HOUSE,,Marketing,
70,1046,INTERNATIONAL MARKETING," Michael Czinkota, Ilkka Ronkainen, Annie Cui",cengage education,,Marketing,
71,Z2215,STRATEGIC MARKETING,"CAROL H ANDERSON, JALIAN W VINCZE",BIZTANTRA PUBLICATION,,Marketing,
72,710,STRATEGIC MARKETING,"CAROL H ANDERSON, JALIAN W VINCZE",BIZTANTRA PUBLICATION,,Marketing,
73,Z2171,STRATEGIC MARKETING,"CAROL H ANDERSON, JALIAN W VINCZE",BIZTANTRA PUBLICATION,,Marketing,
74,677,INTERNATIONAL MARKETING,"ONKVISIT, SHAW",PEARSON EDUCATION,,Marketing,
75,676,INTERNATIONAL MARKETING,"ONKVISIT, SHAW",PEARSON EDUCATION,,Marketing,
76,673,INTERNATIONAL MARKETING,"ONKVISIT, SHAW",PEARSON EDUCATION,,Marketing,
77,681,INTERNATIONAL MARKETING,"ONKVISIT, SHAW",PEARSON EDUCATION,,Marketing,
78,Z3006,INTERNATIONAL MARKETING,CATEORA GRAHAM,TATA MCGRAW HILL,,Marketing,
79,1163,STRATEGIC MANAGEMENT ,KELVIN KELLER,PEARSON EDUCATION,,Marketing,
80,393,BUSINESS ENVIRONMENT TEXT AND CASES,FRANCIS CHERUNILAM ,HIMALAYA PUBLISHING HOUSE,,BUSINESS,
81,391,BUSINESS ENVIRONMENT TEXT AND CASES,FRANCIS CHERUNILAM ,HIMALAYA PUBLISHING HOUSE,,BUSINESS,
82,392,BUSINESS ENVIRONMENT TEXT AND CASES,FRANCIS CHERUNILAM ,HIMALAYA PUBLISHING HOUSE,,BUSINESS,
83,390,BUSINESS ENVIRONMENT TEXT AND CASES,FRANCIS CHERUNILAM ,HIMALAYA PUBLISHING HOUSE,,BUSINESS,
84,28,BUSINESS PROCESS OUTSOURCING,SARIKA KULKARNI,JAICO PUBLISHING HOUSE ,,BUSINESS,
85,27,BUSINESS PROCESS OUTSOURCING,SARIKA KULKARNI,JAICO PUBLISHING HOUSE ,,BUSINESS,
86,25,BUSINESS PROCESS OUTSOURCING,SARIKA KULKARNI,JAICO PUBLISHING HOUSE ,,BUSINESS,
87,26,BUSINESS PROCESS OUTSOURCING,SARIKA KULKARNI,JAICO PUBLISHING HOUSE ,,BUSINESS,
88,29,BUSINESS PROCESS OUTSOURCING,SARIKA KULKARNI,JAICO PUBLISHING HOUSE ,,BUSINESS,
89,909,E BUSINESS AND COMMERCE STRATEGIC THINKING AND PRACTICE,BRAHM CANZER,BIZTANTRA PUBLICATION,,BUSINESS,
90,815,E BUSINESS AND COMMERCE STRATEGIC THINKING AND PRACTICE,BRAHM CANZER,BIZTANTRA PUBLICATION,,BUSINESS,
91,814,E BUSINESS AND COMMERCE STRATEGIC THINKING AND PRACTICE,BRAHM CANZER,BIZTANTRA PUBLICATION,,BUSINESS,
92,167,A STUDY IN BUSINESS ETHICS ,RITUPARNA RAY,HIMALAYA PUBLISHING HOUSE,,BUSINESS,
93,165,A STUDY IN BUSINESS ETHICS ,RITUPARNA RAY,HIMALAYA PUBLISHING HOUSE,,BUSINESS,
94,367,A STUDY IN BUSINESS ETHICS ,RITUPARNA RAY,HIMALAYA PUBLISHING HOUSE,,BUSINESS,
95,166,A STUDY IN BUSINESS ETHICS ,RITUPARNA RAY,HIMALAYA PUBLISHING HOUSE,,BUSINESS,
96,369,A STUDY IN BUSINESS ETHICS ,RITUPARNA RAY,HIMALAYA PUBLISHING HOUSE,,BUSINESS,
97,365,A STUDY IN BUSINESS ETHICS ,RITUPARNA RAY,HIMALAYA PUBLISHING HOUSE,,BUSINESS,
98,1239,BUSINESS ECONOMICS,MANAB ADHIKARY,EXCEL BOOKS,,BUSINESS,
99,1240,BUSINESS ECONOMICS,MANAB ADHIKARY,EXCEL BOOKS,,BUSINESS,
100,2108,BUSINESS ENVIRONMENT TEXT AND CASES,FRANCIS CHERUNILAM ,HIMALAYA PUBLISHING HOUSE,,BUSINESS,
101,1587,BUSINESS ENVIRONMENT TEXT AND CASES,FRANCIS CHERUNILAM ,HIMALAYA PUBLISHING HOUSE,,BUSINESS,
102,2377,BUSINESS ENVIRONMENT TEXT AND CASES,FRANCIS CHERUNILAM ,HIMALAYA PUBLISHING HOUSE,,BUSINESS,
103,812,BUSINESS ETHICS ETHICAL DECISION MAKING AND CASES,"FERREL, FEDARICH, FERREL",BIZTANTRA PUBLICATION,,BUSINESS,
104,Z3015,BUSINESS ETHICS ETHICAL DECISION MAKING AND CASES,"FERREL, FEDARICH, FERREL",BIZTANTRA PUBLICATION,,BUSINESS,
105,22,BUSINESS ETHICS CONSEPTS AND CASES,Manuel G. Velasquez,PEARSON EDUCATION,,BUSINESS,
106,21,BUSINESS ETHICS CONSEPTS AND CASES,Manuel G. Velasquez,PEARSON EDUCATION,,BUSINESS,
107,1220,BUSINESS ENVIRONMENT,VIVEK MITTAL ,EXCEL BOOKS,,BUSINESS,
108,2303,INTERNATIONAL BUSINESS,K Aswathappa,TATA MCGRAW HILL,,BUSINESS,
109,2405,INTERNATIONAL BUSINESS,K Aswathappa,TATA MCGRAW HILL,,BUSINESS,
110,Z3028,BUSINESS LAW ,S S GULSHAN,EXCEL BOOKS,,BUSINESS,
111,Z3029,INTERNATIONAL BUSINESS,RAKESH MOHAN JOSHI,OXFORD,,BUSINESS,
112,52,GOVERNMENT AND BUSINESS ,N K SENGUPTE,VIKAS PUBLISHING HOUSE,,BUSINESS,
113,637,BUSINESS RESEARCH METHODS,S N MURTHY,EXCEL BOOKS,,BUSINESS,
114,111,PIONEERING ORGANIZATIONS,LARRY DAVIS,JAICO PUBLISHING HOUSE ,,ORGANIZATIONAL BEHAVIOR,
115,110,PIONEERING ORGANIZATIONS,LARRY DAVIS,JAICO PUBLISHING HOUSE ,,ORGANIZATIONAL BEHAVIOR,
116,109,PIONEERING ORGANIZATIONS,LARRY DAVIS,JAICO PUBLISHING HOUSE ,,ORGANIZATIONAL BEHAVIOR,
117,171,INTERNATIONAL BUSINESS ENVIRONMENT,FRANCIS CHERUNILAM ,HIMALAYA PUBLISHING HOUSE,,BUSINESS,
118,169,INTERNATIONAL BUSINESS ENVIRONMENT,FRANCIS CHERUNILAM ,HIMALAYA PUBLISHING HOUSE,,BUSINESS,
119,100,INTERNATIONAL BUSINESS ENVIRONMENT,FRANCIS CHERUNILAM ,HIMALAYA PUBLISHING HOUSE,,BUSINESS,
120,400,BUSINESS ENVIRONMENT,SHAIK SALEEM,PEARSON EDUCATION,,BUSINESS,
121,403,BUSINESS ENVIRONMENT,SHAIK SALEEM,PEARSON EDUCATION,,BUSINESS,
122,400,BUSINESS ENVIRONMENT,SHAIK SALEEM,PEARSON EDUCATION,,BUSINESS,
123,50,BUSINESS ETHICS AN INDIAN PERSPECTIVE,"P S BAJAJ, RAJ AGRWAL",BIZTANTRA PUBLICATION,,BUSINESS,
124,49,BUSINESS ETHICS AN INDIAN PERSPECTIVE,"P S BAJAJ, RAJ AGRWAL",BIZTANTRA PUBLICATION,,BUSINESS,
125,1065,GLOBAL BUSINESS ,"MIKE PENY, DEEPAK SRIVASTAVE",cengage education,,BUSINESS,
126,1205,BUSINESS RESEARCH METHODS,"COOPER, SCHINDLER",TATA MCGRAW HILL,,BUSINESS,
127,625,BUSINESS RESEARCH METHODS,"COOPER, SCHINDLER",TATA MCGRAW HILL,,BUSINESS,
128,624,BUSINESS RESEARCH METHODS,"COOPER, SCHINDLER",TATA MCGRAW HILL,,BUSINESS,
129,600,BUSINESS RESEARCH METHODS,"COOPER, SCHINDLER",TATA MCGRAW HILL,,BUSINESS,
130,Z2126,BUSINESS RESEARCH METHODS,"COOPER, SCHINDLER",TATA MCGRAW HILL,,BUSINESS,
131,408,INTERNATIONAL BUSINESS,JUSTIN PAUL,PHI,,BUSINESS,
132,1202,LABOUR AND INDUSTRIAL LAW ,P K PANDHI,PHI,,BUSINESS,
133,99,BUSINESS POLLCY AND STRATEGIC MANAGEMENT,"SUKUL LOMASH, P K MISHRA",VIKAS PUBLISHING HOUSE,,BUSINESS,
134,Z3041,ETHICS IN BUSINESS AND CORPORATE GOVERNMENT,S K MANDAL,MCGRAW HILL,,BUSINESS,
135,Z3043,Dynamics of Successful International Business Negotiations,"Robert T. Moran, William G. Stripp",JAICO PUBLISHING HOUSE ,,BUSINESS,
136,Z3042,Dynamics of Successful International Business Negotiations,"Robert T. Moran, William G. Stripp",JAICO PUBLISHING HOUSE ,,BUSINESS,
137,Z30411,Dynamics of Successful International Business Negotiations,"Robert T. Moran, William G. Stripp",JAICO PUBLISHING HOUSE ,,BUSINESS,
138,1271,BUSINESS LAW ,M C MUCHHAL,VIKAS PUBLISHING HOUSE,,BUSINESS,
139,407,INTERNATIONAL BUSINESS ,R CHANDAN,JAICO PUBLISHING HOUSE ,,BUSINESS,
140,1221,BUSINESS ENVIRONMENT,JUSTIN PAUL,JAICO PUBLISHING HOUSE ,,BUSINESS,
141,1058,INTERNATIONAL BUSINESS,"HILL, JAIN",TATA MCGRAW HILL,,BUSINESS,
142,Z3047,GLOBAL BUSINESS REVIEW,VENKATRAMAN,SAGE PUBLICATION,,BUSINESS,
143,Z3048,GLOBAL BUSINESS REVIEW,VENKATRAMAN,SAGE PUBLICATION,,BUSINESS,
144,1427,LEGAL ASPECTS OF BUSINESS ,AKHILESHWAR PATHAK,TATA MCGRAW HILL,,BUSINESS,
145,595,INTERNATIONAL BUSINESS ENVIRONMENT AND OPERATION,"DANIELS, RODEBAUGH, SALLIVAN, SALAAH",PEARSON EDUCATION,,BUSINESS,
146,1127,BUSINESS PROCESS REENGINEERING AND CHANGE MANAGEMENT ,B R RAY,BIZTANTRA PUBLICATION,,BUSINESS,
147,1617,BUSINESS PROCESS REENGINEERING AND CHANGE MANAGEMENT ,B R RAY,BIZTANTRA PUBLICATION,,BUSINESS,
148,988,BUSINESS PROCESS REENGINEERING AND CHANGE MANAGEMENT ,B R RAY,BIZTANTRA PUBLICATION,,BUSINESS,
149,1005,BUSINESS PROCESS REENGINEERING AND CHANGE MANAGEMENT ,B R RAY,BIZTANTRA PUBLICATION,,BUSINESS,
150,957,UNDERSTANDING ORGANIZAONAL BEHAVIOR,UDAI PAREEK,OXFORD,,ORGANIZATIONAL BEHAVIOR,
151,940,ORGANIZATIONAL DEVELOPMENT,"FRANCH, BELL JR",PHI,,ORGANIZATIONAL BEHAVIOR,
152,1156,ORGANIZATIONAL BEHAVIOR,"MCSHANE, SHARMA, VONGLINOW",TATA MCGRAW HILL,,ORGANIZATIONAL BEHAVIOR,
153,1154,ORGANIZATIONAL BEHAVIOR,"MCSHANE, SHARMA, VONGLINOW",TATA MCGRAW HILL,,ORGANIZATIONAL BEHAVIOR,
154,924,ORGANIZATIONAL BEHAVIOR,"MCSHANE, SHARMA, VONGLINOW",TATA MCGRAW HILL,,ORGANIZATIONAL BEHAVIOR,
155,1155,ORGANIZATIONAL BEHAVIOR,"MCSHANE, SHARMA, VONGLINOW",TATA MCGRAW HILL,,ORGANIZATIONAL BEHAVIOR,
156,1176,ORGANIZATIONAL BEHAVIOR,M N MISHRA,VIKAS PUBLISHING HOUSE,,ORGANIZATIONAL BEHAVIOR,
157,79,ORGANIZATIONAL BEHAVIOR,JIT CHANDAN ,VIKAS PUBLISHING HOUSE,,ORGANIZATIONAL BEHAVIOR,
158,942,ORGANIZATIONAL BEHAVIOR,JIT CHANDAN ,VIKAS PUBLISHING HOUSE,,ORGANIZATIONAL BEHAVIOR,
159,1061,ORGANIZATIONAL BEHAVIOR,JIT CHANDAN ,VIKAS PUBLISHING HOUSE,,ORGANIZATIONAL BEHAVIOR,
160,941,ORGANIZATIONAL BEHAVIOR,JIT CHANDAN ,VIKAS PUBLISHING HOUSE,,ORGANIZATIONAL BEHAVIOR,
161,58,EFFECTIVIE TRAINING,"P NICK BLANCHARD, JAMES THACKER",PEARSON EDUCATION,,ORGANIZATIONAL BEHAVIOR,
162,64,EFFECTIVIE TRAINING,"P NICK BLANCHARD, JAMES THACKER",PEARSON EDUCATION,,ORGANIZATIONAL BEHAVIOR,
163,1178,ORGANIZATIONAL DESIGN AND DEVLOPMENT CONSEPTS AND APPLICTIONS,BHUPEN SHRIVASTAVA,BIZTANTRA PUBLICATION,,ORGANIZATIONAL BEHAVIOR,
164,Z2165,ORGANIZATIONAL BEHAVIOR,NIRAJ KUMAR,HIMALAYA PUBLISHING HOUSE,,ORGANIZATIONAL BEHAVIOR,
165,1225,ORGANIZATIONAL BEHAVIOR,NIRAJ KUMAR,HIMALAYA PUBLISHING HOUSE,,ORGANIZATIONAL BEHAVIOR,
166,1184,EXPERIMENTAL APPROACH IN ORGANIZATIONAL DEVELOPMENT,"BROWN, HARVEY",PEARSON EDUCATION,,ORGANIZATIONAL BEHAVIOR,
167,541,EXPERIMENTAL APPROACH IN ORGANIZATIONAL DEVELOPMENT,"BROWN, HARVEY",PEARSON EDUCATION,,ORGANIZATIONAL BEHAVIOR,
168,1161,EXPERIMENTAL APPROACH IN ORGANIZATIONAL DEVELOPMENT,"BROWN, HARVEY",PEARSON EDUCATION,,ORGANIZATIONAL BEHAVIOR,
169,1160,EXPERIMENTAL APPROACH IN ORGANIZATIONAL DEVELOPMENT,"BROWN, HARVEY",PEARSON EDUCATION,,ORGANIZATIONAL BEHAVIOR,
170,1164,EXPERIMENTAL APPROACH IN ORGANIZATIONAL DEVELOPMENT,"BROWN, HARVEY",PEARSON EDUCATION,,ORGANIZATIONAL BEHAVIOR,
171,79,ORGANIZATIONAL BEHAVIOR,JIT CHANDAN ,VIKAS PUBLISHING HOUSE,,ORGANIZATIONAL BEHAVIOR,
172,78,ORGANIZATIONAL BEHAVIOR,JIT CHANDAN ,VIKAS PUBLISHING HOUSE,,ORGANIZATIONAL BEHAVIOR,
173,77,ORGANIZATIONAL BEHAVIOR,JIT CHANDAN ,VIKAS PUBLISHING HOUSE,,ORGANIZATIONAL BEHAVIOR,
174,1622,ORGANIZATION DEVLOPMENT AND CHANGE,"COMMINGS, WORLEY",cengage education,,ORGANIZATIONAL BEHAVIOR,
175,1165,ORGANIZATION DEVLOPMENT AND CHANGE,"COMMINGS, WORLEY",cengage education,,ORGANIZATIONAL BEHAVIOR,
176,948,ORGANIZATIONAL BEHAVIOR,UMA SEKARAN,TATA MCGRAW HILL,,ORGANIZATIONAL BEHAVIOR,
177,949,ORGANIZATIONAL BEHAVIOR,UMA SEKARAN,TATA MCGRAW HILL,,ORGANIZATIONAL BEHAVIOR,
178,Z2157,ORGANIZATIONAL BEHAVIOR,UMA SEKARAN,TATA MCGRAW HILL,,ORGANIZATIONAL BEHAVIOR,
179,2489,ORGANIZATIONAL BEHAVIOR,UMA SEKARAN,TATA MCGRAW HILL,,ORGANIZATIONAL BEHAVIOR,
180,Z2156,ORGANIZATIONAL BEHAVIOR,UMA SEKARAN,TATA MCGRAW HILL,,ORGANIZATIONAL BEHAVIOR,
181,2111,ORGANIZATIONAL BEHAVIOR,"Stephen Robbins, TIMPHONY JUDGE, SHUNGHI  ",PEARSON EDUCATION,,ORGANIZATIONAL BEHAVIOR,
182,2062,ORGANIZATIONAL BEHAVIOR,"Stephen Robbins, TIMPHONY JUDGE, SHUNGHI  ",PEARSON EDUCATION,,ORGANIZATIONAL BEHAVIOR,
183,2486,ORGANIZATIONAL BEHAVIOR,"Stephen Robbins, TIMPHONY JUDGE, SHUNGHI  ",PEARSON EDUCATION,,ORGANIZATIONAL BEHAVIOR,
184,2114,ORGANIZATIONAL BEHAVIOR,"Stephen Robbins, TIMPHONY JUDGE, SHUNGHI  ",PEARSON EDUCATION,,ORGANIZATIONAL BEHAVIOR,
185,12104,ORGANIZATIONAL BEHAVIOR,"Stephen Robbins, TIMPHONY JUDGE, SHUNGHI  ",PEARSON EDUCATION,,ORGANIZATIONAL BEHAVIOR,
186,2219,ORGANIZATIONAL BEHAVIOR,"Stephen Robbins, TIMPHONY JUDGE, SHUNGHI  ",PEARSON EDUCATION,,ORGANIZATIONAL BEHAVIOR,
187,2107,ORGANIZATIONAL BEHAVIOR,"Stephen Robbins, TIMPHONY JUDGE, SHUNGHI  ",PEARSON EDUCATION,,ORGANIZATIONAL BEHAVIOR,
188,1159,ORGANIZATIONAL BEHAVIOR,"ARUN KUMAR, W MEENAKSHI",VIKAS PUBLISHING HOUSE,,ORGANIZATIONAL BEHAVIOR,
189,Z3017,"ORGANIZATIONAL BEHAVIOR TEXTS,CASES AND GAMES",K Aswathappa,HIMALAYA PUBLISHING HOUSE,,ORGANIZATIONAL BEHAVIOR,
190,Z3034,"ORGANIZATIONAL BEHAVIOR TEXTS,CASES AND GAMES",K Aswathappa,HIMALAYA PUBLISHING HOUSE,,ORGANIZATIONAL BEHAVIOR,
191,Z3035,"ORGANIZATIONAL BEHAVIOR TEXTS,CASES AND GAMES",K Aswathappa,HIMALAYA PUBLISHING HOUSE,,ORGANIZATIONAL BEHAVIOR,
192,913,BUSINESS COMMUNCATION APPLICATIONS IN ELECTRONIC AGE,"HUDSON, SELZLER",JAICO PUBLISHING HOUSE ,,COMMUNITION,
193,914,BUSINESS COMMUNCATION APPLICATIONS IN ELECTRONIC AGE,"HUDSON, SELZLER",JAICO PUBLISHING HOUSE ,,COMMUNITION,
194,584,BUSINESS COMMUNCATION,"K RAMACHANDRAN, LAKSHMI K, K K KARTHIK, M KRISHNA KUMAR, ",MACMILLAN EDUCATION,,COMMUNITION,
195,959,COMMUNITION IN ORGANIZATION,DELMAR FISHER,JAICO PUBLISHING HOUSE ,,COMMUNITION,
196,577,COMMUNITION IN ORGANIZATION,DELMAR FISHER,JAICO PUBLISHING HOUSE ,,COMMUNITION,
197,Z2147,BUSINESS COMMUNICATION,"P D CHATURVEDI, MUKESH CHATURVEDI",PEARSON EDUCATION,,COMMUNITION,
198,Z4004,BUSINESS COMMUNICATION,"P D CHATURVEDI, MUKESH CHATURVEDI",PEARSON EDUCATION,,COMMUNITION,
199,1634,BUSINESS COMMUNICATION,"P D CHATURVEDI, MUKESH CHATURVEDI",PEARSON EDUCATION,,COMMUNITION,
200,1729,BUSINESS COMMUNICATION,"P D CHATURVEDI, MUKESH CHATURVEDI",PEARSON EDUCATION,,COMMUNITION,
201,1635,BUSINESS COMMUNICATION,"P D CHATURVEDI, MUKESH CHATURVEDI",PEARSON EDUCATION,,COMMUNITION,
202,917,BUSINESS COMMUNICATION,"P D CHATURVEDI, MUKESH CHATURVEDI",PEARSON EDUCATION,,COMMUNITION,
203,236,ESSENTIALS OF BUSINESS COMMUNICATION,"RAJENDRA PAL, J S KORLAHALLI",S CHAND PUNLICATION,,COMMUNITION,
204,976,HANDBOOK OF PRACTICAL COMMUNICATION SKILL,CHRISSIE WRIGHT,JAICO PUBLISHING HOUSE ,,COMMUNITION,
205,961,HANDBOOK OF PRACTICAL COMMUNICATION SKILL,CHRISSIE WRIGHT,JAICO PUBLISHING HOUSE ,,COMMUNITION,
206,989,HANDBOOK OF PRACTICAL COMMUNICATION SKILL,CHRISSIE WRIGHT,JAICO PUBLISHING HOUSE ,,COMMUNITION,
207,961,BUSINESS COMMUNICATION TODAY,"CORTLAND BOVEE, JOHN THILL, MUKESH CHATURVEDI",PEARSON EDUCATION,,COMMUNITION,
208,989,BUSINESS COMMUNICATION TODAY,"CORTLAND BOVEE, JOHN THILL, MUKESH CHATURVEDI",PEARSON EDUCATION,,COMMUNITION,
209,1102,BUSINESS COMMUNICATION TODAY,"CORTLAND BOVEE, JOHN THILL, MUKESH CHATURVEDI",PEARSON EDUCATION,,COMMUNITION,
210,Z4005,BUSINESS COMMUNICATION ,"V K JAIN, OMPRAKASH BIYANI ",S CHAND PUBLICATION,,COMMUNITION,
211,Z4006,"BUSINESS COMMUNICATION PRINCIPLES, METHODS AND TECHNIQUES",NIRMAL SINGH,DEEP AND DEEP PUBLICATION,,COMMUNITION,
212,1230,MEDIA AND COMMUCATION MANAGEMENT ,C S RAYADU,HIMALAYA PUBLISHING HOUSE,,COMMUNITION,
213,1231,MEDIA AND COMMUCATION MANAGEMENT ,C S RAYADU,HIMALAYA PUBLISHING HOUSE,,COMMUNITION,
214,761,CONSUMER BEHAVIOR ,HENRRY ASSAEL,BIZTANTRA PUBLICATION,,CONSUMER BEHAVIOR ,
215,763,CONSUMER BEHAVIOR ,HENRRY ASSAEL,BIZTANTRA PUBLICATION,,CONSUMER BEHAVIOR ,
216,711,CONSUMER BEHAVIOR ,HENRRY ASSAEL,BIZTANTRA PUBLICATION,,CONSUMER BEHAVIOR ,
217,750,CONSUMER BEHAVIOR ,"SCHIFFMAN, KANUK",PEARSON EDUCATION,,CONSUMER BEHAVIOR ,
218,718,CUSTOMER RELATIONSHIP MANAGEMENT,"H PEERU MOHAMED, A SAGADEVAN",VIKAS PUBLISHING HOUSE,,CONSUMER BEHAVIOR ,
219,762,SHOPPER BUYER AND CONSUMER BEHAVIOR THEORY AND MARKETING APPLICATIONS,"LINDQUIST, SIRGY",BIZTANTRA PUBLICATION,,CONSUMER BEHAVIOR ,
220,730,SHOPPER BUYER AND CONSUMER BEHAVIOR THEORY AND MARKETING APPLICATIONS,"LINDQUIST, SIRGY",BIZTANTRA PUBLICATION,,CONSUMER BEHAVIOR ,
221,576,CONSUMER BEHAVIOR CONSEPTS AND APPLICATIONS ,"DAVID LOUDON, DELLA BITTA",TATA MCGRAW HILL,,CONSUMER BEHAVIOR ,
222,1171,CONSUMER BEHAVIOR ,"BLACKWELL, MINIARD, ENGEL",cengage education,,CONSUMER BEHAVIOR ,
223,756,ADVAERTIZING MANAGEMENT,"RAJEEV BATRA, JOHN MYERS, A A KER",PHI,,ADEVERTIZING,
224,739,ADVAERTIZING MANAGEMENT,"RAJEEV BATRA, JOHN MYERS, A A KER",PHI,,ADEVERTIZING,
225,736,ADVAERTIZING MANAGEMENT,"RAJEEV BATRA, JOHN MYERS, A A KER",PHI,,ADEVERTIZING,
226,1186,ADVAERTIZING MANAGEMENT,"RAJEEV BATRA, JOHN MYERS, A A KER",PHI,,ADEVERTIZING,
227,740,ADVAERTIZING MANAGEMENT,"RAJEEV BATRA, JOHN MYERS, A A KER",PHI,,ADEVERTIZING,
228,746,ADVAERTIZING MANAGEMENT,"RAJEEV BATRA, JOHN MYERS, A A KER",PHI,,ADEVERTIZING,
229,706,ADVAERTIZING MANAGEMENT,"RAJEEV BATRA, JOHN MYERS, A A KER",PHI,,ADEVERTIZING,
230,703,ADVERTIZING AND PROMOTION AN INTIGRATED MARKETING COMMUNICATIONS PERSPECTIVE,"BELCH, BELCH",TATA MCGRAW HILL,,ADEVERTIZING,
231,1273,FAUNDATIONS OF ADVERTIZING  THEORY AND PRACTICE,"CHUNAWALLA, SETHIA",HIMALAYA PUBLISHING HOUSE,,ADEVERTIZING,
232,1234,ADVERTIZING AND PROMOTIONS,"KRUTI SHAH, ALAN DSOUZA",TATA MCGRAW HILL,,ADEVERTIZING,
233,666,MANAGING AND MARKETING TECHNOLOGY,"FOOD, SAREN",,,ADEVERTIZING,
234,699,ADVERTIZNG AND PROMOTION ,SHIMP,cengage education,,ADEVERTIZING,
235,253,E COMMERECE STRATEGY  TECHKNOLODGY AND IMPLEMENTATION,GARY SCHNEIDER,cengage education,,ADEVERTIZING,
236,199,E COMMERECE STRATEGY  TECHKNOLODGY AND IMPLEMENTATION,GARY SCHNEIDER,cengage education,,ADEVERTIZING,
237,Z6021,E COMMERECE STRATEGY  TECHKNOLODGY AND IMPLEMENTATION,GARY SCHNEIDER,cengage education,,ADEVERTIZING,
238,Z6022,E COMMERECE STRATEGY  TECHKNOLODGY AND IMPLEMENTATION,GARY SCHNEIDER,cengage education,,ADEVERTIZING,
239,Z6023,E COMMERECE STRATEGY  TECHKNOLODGY AND IMPLEMENTATION,GARY SCHNEIDER,cengage education,,ADEVERTIZING,
240,Z6024,E COMMERECE STRATEGY  TECHKNOLODGY AND IMPLEMENTATION,GARY SCHNEIDER,cengage education,,ADEVERTIZING,
241,Z2219,MAMAGEMENT  ,N D VOHRA ,TATA MCGRAW HILL,,MANAGEMENT,
242,Z2131,MAMAGEMENT  ,N D VOHRA ,TATA MCGRAW HILL,,MANAGEMENT,
243,262,MAMAGEMENT  ,N D VOHRA ,TATA MCGRAW HILL,,MANAGEMENT,
244,Z2220,MAMAGEMENT  ,N D VOHRA ,TATA MCGRAW HILL,,MANAGEMENT,
245,Z2221,MAMAGEMENT  ,N D VOHRA ,TATA MCGRAW HILL,,MANAGEMENT,
246,2364,MAMAGEMENT  ,N D VOHRA ,TATA MCGRAW HILL,,MANAGEMENT,
247,991,OPEARATION MANAGEMENT,"LEE J KRAJEWSKI, MANOJ K MALHOTRA, LARRY P RITZMAN",TATA MCGRAW HILL,,MANAGEMENT,
248,731,BRAND MANAGEMENT ,Y L R MOORTHY,S CHAND PUBLICATION,,MANAGEMENT,
249,Z2224,BRAND MANAGEMENT ,Y L R MOORTHY,S CHAND PUBLICATION,,MANAGEMENT,
250,Z2226,BRAND MANAGEMENT ,Y L R MOORTHY,S CHAND PUBLICATION,,MANAGEMENT,
251,159,MODERN MANAGEMENT,"ROBBERT HELLER, B K CHATTERJEE",JAICO PUBLISHING HOUSE ,,MANAGEMENT,
252,135,MODERN MANAGEMENT,"ROBBERT HELLER, B K CHATTERJEE",JAICO PUBLISHING HOUSE ,,MANAGEMENT,
253,Z2230,PRODUCT AND BRAND MANAGEMENT,SAROJ KUMAR,THAKUR PUBLICATION,,MANAGEMENT,
254,20,STRATEGIC MANAGEMENT,FRED DAVID,PEARSON EDUCATION,,MANAGEMENT,
255,115,MANAGEMENT OF CO OPERATIVES,RAM KISHEN Y.,JAICO PUBLISHING HOUSE ,,MANAGEMENT,
256,114,MANAGEMENT OF CO OPERATIVES,RAM KISHEN Y.,JAICO PUBLISHING HOUSE ,,MANAGEMENT,
257,113,MANAGEMENT OF CO OPERATIVES,RAM KISHEN Y.,JAICO PUBLISHING HOUSE ,,MANAGEMENT,
258,362,STRATEGIC MANAGEMENT ,JOHN PARNELL,MCGRAW HILL,,MANAGEMENT,
259,Z2217,STRATEGIC MANAGEMENT ,JOHN PARNELL,MCGRAW HILL,,MANAGEMENT,
260,743,INTEGRATED RETAIL MANAGEMENT,"JAMES R OGDEN, DENISE T OGDEN",BIZTANTRA PUBLICATION,,MANAGEMENT,
261,708,INTEGRATED RETAIL MANAGEMENT,"JAMES R OGDEN, DENISE T OGDEN",BIZTANTRA PUBLICATION,,MANAGEMENT,
262,742,INTEGRATED RETAIL MANAGEMENT,"JAMES R OGDEN, DENISE T OGDEN",BIZTANTRA PUBLICATION,,MANAGEMENT,
263,1855,STRATEGIC  MANAGEMENT ,"JOHN PEARCE, RICHARD ROBINSON,AMITA MITTAL",MCGRAW HILL,,MANAGEMENT,
264,Z2216,STRATEGIC  MANAGEMENT ,"JOHN PEARCE, RICHARD ROBINSON,AMITA MITTAL",MCGRAW HILL,,MANAGEMENT,
265,1065,STRATEGIC  MANAGEMENT ,"JOHN PEARCE, RICHARD ROBINSON,AMITA MITTAL",MCGRAW HILL,,MANAGEMENT,
266,2089,STRATEGIC  MANAGEMENT ,"JOHN PEARCE, RICHARD ROBINSON,AMITA MITTAL",MCGRAW HILL,,MANAGEMENT,
267,412,MANAGEMENT OF CO OPERATIVES,RICKY W GRIFFIN,BIZTANTRA PUBLICATION,,MANAGEMENT,
268,42,MANAGEMENT OF CO OPERATIVES,RICKY W GRIFFIN,BIZTANTRA PUBLICATION,,MANAGEMENT,
269,396,PRINCIPLES AND PRACTICE OF MANAGEMENT,L M PRASAD,S CHAND PUBLICATION,,MANAGEMENT,
270,395,PRINCIPLES AND PRACTICE OF MANAGEMENT,L M PRASAD,S CHAND PUBLICATION,,MANAGEMENT,
271,68,INTERNATIONAL MANAGEMENT CASES AND CONSEPTS,"MANAB THAKUR, GENE BURTON, B N SRIVASTAV",TATA MCGRAW HILL,,MANAGEMENT,
272,139,TEAM MANAGEMENT ORGANIZING AND MANAGING TEAM,ROGER SHEWART,TATA MCGRAW HILL,,MANAGEMENT,
273,105,TEAM MANAGEMENT ORGANIZING AND MANAGING TEAM,ROGER SHEWART,TATA MCGRAW HILL,,MANAGEMENT,
274,55,PRINCIPLES OF INSURUNCE MANAGEMENT,NEELAM C GULATI,EXCEL BOOKS,,MANAGEMENT,
275,57,PRINCIPLES OF INSURUNCE MANAGEMENT,NEELAM C GULATI,EXCEL BOOKS,,MANAGEMENT,
276,56,PRINCIPLES OF INSURUNCE MANAGEMENT,NEELAM C GULATI,EXCEL BOOKS,,MANAGEMENT,
277,359,MANAGEMENT PRINCIPLES AND GUIDELINESS,"THOMAS DUENING, JOHN IVANCEVICH",BIZTANTRA PUBLICATION,,MANAGEMENT,
278,413,MANAGEMENT PRINCIPLES AND GUIDELINESS,"THOMAS DUENING, JOHN IVANCEVICH",BIZTANTRA PUBLICATION,,MANAGEMENT,
279,360,MANAGEMENT PRINCIPLES AND GUIDELINESS,"THOMAS DUENING, JOHN IVANCEVICH",BIZTANTRA PUBLICATION,,MANAGEMENT,
280,Z2228,MAD SAD AND BAD MANAGEMENT,ADRIAN FURNHAM,JAICO PUBLISHING HOUSE ,,MANAGEMENT,
281,108,MAD SAD AND BAD MANAGEMENT,ADRIAN FURNHAM,JAICO PUBLISHING HOUSE ,,MANAGEMENT,
282,552,STRATEGIC BRAND MANAGEMENT  ,KELLER,PEARSON EDUCATION,,MANAGEMENT,
283,2320,STRATEGIC BRAND MANAGEMENT  ,KELLER,PEARSON EDUCATION,,MANAGEMENT,
284,979,WAREHOUSE MANAGEMENT AND INVENTORY CONTROL,J P SAXENA,SANGAM BOOKS ,,MANAGEMENT,
285,980,WAREHOUSE MANAGEMENT AND INVENTORY CONTROL,J P SAXENA,SANGAM BOOKS ,,MANAGEMENT,
286,232,ENTERPRICE RESOURCE PLANNING,"MONK, WAGNER",cengage education,,MANAGEMENT,
287,Z2168,ENTERPRICE RESOURCE PLANNING,"MONK, WAGNER",cengage education,,MANAGEMENT,
288,Z2167,ENTERPRICE RESOURCE PLANNING,"MONK, WAGNER",cengage education,,MANAGEMENT,
289,Z2166,ENTERPRICE RESOURCE PLANNING,"MONK, WAGNER",cengage education,,MANAGEMENT,
290,823,SALES AND DISTRIBUTION MANAGEMENT,"KRISHNA HAVALDAR, VASANT CHAVLE",MCGRAW HILL,,MANAGEMENT,
291,2023,SALES AND DISTRIBUTION MANAGEMENT,"KRISHNA HAVALDAR, VASANT CHAVLE",MCGRAW HILL,,MANAGEMENT,
292,Z3030,MANAGEMENT CONSEPTS AND STRATEGIES,J S CHANDAN,VIKAS PUBLISHING HOUSE,,MANAGEMENT,
293,80,MANAGEMENT CONSEPTS AND STRATEGIES,J S CHANDAN,VIKAS PUBLISHING HOUSE,,MANAGEMENT,
294,409,ESSENTIALS OF MANAGEMENT,"KOONTZ, WEIHRICH",MCGRAW HILL,,MANAGEMENT,
295,1129,MANAGEMENT CONTROL SYSTEM,PRADIP KUMAR SINHA,EXCEL BOOKS,,MANAGEMENT,
296,151,GLOBAL MANAGEMENT SOLUTION,"DINESH SETH, RASTOGI",THOMSON PUBLICATION ,,MANAGEMENT,
297,387,MANAGEMENT 2,D R PATEL,ATUL PRAKASHAN,,MANAGEMENT,
298,23,MANAGEMENT 2,D R PATEL,ATUL PRAKASHAN,,MANAGEMENT,
299,24,MANAGEMENT 2,D R PATEL,ATUL PRAKASHAN,,MANAGEMENT,
300,1147,MANAGEMENT A GLOBAL AND ENTREPRENEURIAL PERSPECTIVE ,"WEIHRICH, CANNICE,KAONTZ",TATA MCGRAW HILL,,MANAGEMENT,
301,2040,MANAGEMENT TEXT AND CASES,"V S P RAO, V HARI KRISHNAN",EXCEL BOOKS,,MANAGEMENT,
302,1900,MANAGEMENT TEXT AND CASES,"V S P RAO, V HARI KRISHNAN",EXCEL BOOKS,,MANAGEMENT,
303,Z3011,MANAGEMENT TEXT AND CASES,"V S P RAO, V HARI KRISHNAN",EXCEL BOOKS,,MANAGEMENT,
304,2162,MANAGEMENT TEXT AND CASES,"V S P RAO, V HARI KRISHNAN",EXCEL BOOKS,,MANAGEMENT,
305,2055,MANAGEMENT TEXT AND CASES,"V S P RAO, V HARI KRISHNAN",EXCEL BOOKS,,MANAGEMENT,
306,1889,MANAGEMENT TEXT AND CASES,"V S P RAO, V HARI KRISHNAN",EXCEL BOOKS,,MANAGEMENT,
307,1796,MANAGEMENT TEXT AND CASES,"V S P RAO, V HARI KRISHNAN",EXCEL BOOKS,,MANAGEMENT,
308,1914,MANAGEMENT TEXT AND CASES,"V S P RAO, V HARI KRISHNAN",EXCEL BOOKS,,MANAGEMENT,
309,1975,MANAGEMENT TEXT AND CASES,"V S P RAO, V HARI KRISHNAN",EXCEL BOOKS,,MANAGEMENT,
310,2056,MANAGEMENT TEXT AND CASES,"V S P RAO, V HARI KRISHNAN",EXCEL BOOKS,,MANAGEMENT,
311,350,MANAGEMENT,"JAMES STONER, R EDWARD GILBERT, DANIE FREEMAN",PEARSON EDUCATION,,MANAGEMENT,
312,1199,RETAIL MANAGEMENT A STRATEGIC APPROACH,"BERMAN, EVANCE",PEARSON EDUCATION,,MANAGEMENT,
313,1166,RETAIL MANAGEMENT A STRATEGIC APPROACH,"BERMAN, EVANCE",PEARSON EDUCATION,,MANAGEMENT,
314,1197,RETAIL MANAGEMENT A STRATEGIC APPROACH,"BERMAN, EVANCE",PEARSON EDUCATION,,MANAGEMENT,
315,1063,RETAIL MANAGEMENT A STRATEGIC APPROACH,"BERMAN, EVANCE",PEARSON EDUCATION,,MANAGEMENT,
316,447,SUPPLY CHAIN MANAGEMENT ,"CHOPRA, MEINDL, KALRA",PEARSON EDUCATION,,MANAGEMENT,
317,Z2501,BUSINESS AND MANAGEMENT,"IVANCEVICH, DURENING",BIZTANTRA PUBLICATION,,MANAGEMENT,
318,Z2502,BUSINESS AND MANAGEMENT,"IVANCEVICH, DURENING",BIZTANTRA PUBLICATION,,MANAGEMENT,
319,256,PRODUCT MANAGEMENT IN INDIA,RAMANUJ MAJUMDAR,PHI,,MANAGEMENT,
320,985,PRODUCT AND BRAND MANAGEMENT,U C MATHUR,EXCEL BOOKS,,MANAGEMENT,
321,Z2222,PRODUCTION AND OPERATIONS MANAGEMENT,KANISHKA BEDI,OXFORD,,MANAGEMENT,
322,1850,PRINCIPLESOF MANAGEMENT,"TRIPATHI, REDDY",TATA MCGRAW HILL,,MANAGEMENT,
323,76,CASE STUDIES IN MANAGEMENT,"PREM VRAT, K K AHUJA, P K JAIN",VIKAS PUBLISHING HOUSE,,MANAGEMENT,
324,Z2227,PRINCIPLES OF MANAGEMENT,T J RANA,B S SHAH PRAKASHAN,,MANAGEMENT,
325,857,HUMAN RESOURCE MANAGEMENT,MIRZA SAIYADAIN,TATA MCGRAW HILL,,HR,
326,862,HUMAN RESOURCE MANAGEMENT,MIRZA SAIYADAIN,TATA MCGRAW HILL,,HR,
327,841,HUMAN RESOURCE MANAGEMENT,"SNELL, BOHLANDER",THOMSON PUBLICATION ,,HR,
328,856,STRATEGIC PROSPECTS FOR HUMAN RESOURCE MANAGEMENT,SHAUN TYSON,JAICO PUBLISHING HOUSE ,,HR,
329,849,STRATEGIC PROSPECTS FOR HUMAN RESOURCE MANAGEMENT,SHAUN TYSON,JAICO PUBLISHING HOUSE ,,HR,
330,809,INTERNATIONAL HUMAN RESOURCE MANAGEMENT,P L RAO,EXCEL BOOKS,,HR,
331,854,INTERNATIONAL HUMAN RESOURCE MANAGEMENT,P L RAO,EXCEL BOOKS,,HR,
332,1106,INTERNATIONAL HUMAN RESOURCE MANAGEMENT,P L RAO,EXCEL BOOKS,,HR,
333,1198,HUMAN RESOURCE DEVELOMENT,WERNER DESIMONE,cengage education,,HR,
334,Z3021,MANAGING HUMAN RESOURCE,WAYNE CASCIO,TATA MCGRAW HILL,,HR,
335,1067,INTERNATIONAL HUMAN RESOURCE MANAGEMENT,"EDWARDS, REES",PEARSON EDUCATION,,HR,
336,866,EMERGNG ISSUES IN HUMAN RESOURCE MANAGEMENT,"T D TIWARI, PRATAPSINH CHAUHAN",SANTI PRAKASHAN,,HR,
337,867,EMERGNG ISSUES IN HUMAN RESOURCE MANAGEMENT,"T D TIWARI, PRATAPSINH CHAUHAN",SANTI PRAKASHAN,,HR,
338,Z3021,EMERGNG ISSUES IN HUMAN RESOURCE MANAGEMENT,"T D TIWARI, PRATAPSINH CHAUHAN",SANTI PRAKASHAN,,HR,
339,818,FUNDAMENTALS OF HUMAN RESOURCE MANAGEMENT,"DECENZO, ROBBINS",WILEY,,HR,
340,819,FUNDAMENTALS OF HUMAN RESOURCE MANAGEMENT,"DECENZO, ROBBINS",WILEY,,HR,
341,Z3036,STRATEGIC HUMAN RESOURCE MANAGEMENT A RESOURCE DRIVEN PERSPECTIVE,PULAK DAS,cengage education,,HR,
342,Z3037,STRATEGIC HUMAN RESOURCE MANAGEMENT A RESOURCE DRIVEN PERSPECTIVE,PULAK DAS,cengage education,,HR,
343,Z3038,STRATEGIC HUMAN RESOURCE MANAGEMENT A RESOURCE DRIVEN PERSPECTIVE,PULAK DAS,cengage education,,HR,
344,Z3039,STRATEGIC HUMAN RESOURCE MANAGEMENT A RESOURCE DRIVEN PERSPECTIVE,PULAK DAS,cengage education,,HR,
345,1053,ARMSTRONG'S HANDBOOK OF HUMAN RESOURCE,MICHAEL ARMSTRONG,KOGAN PAGE,,HR,
346,240,INTODUCTION TO ACCOUNTENCY,"T S GREWAL, S C GUPTA",S CHAND PUBLICATION,,Accounting,
347,824,HUMAN RESOURCE DEVELOMENT AND MANAGEMENT,BISWANATH GHOSH,VIKAS PUBLISHING HOUSE,,HR,
348,1716,STRATEGIC HUMAN RESOURCE MANAGEMENT,JEFFEREY MELLO,cengage education,,HR,
349,1079,STRATEGIC HUMAN RESOURCE MANAGEMENT,JEFFEREY MELLO,cengage education,,HR,
350,Z2174,STRATEGIC HUMAN RESOURCE MANAGEMENT,JEFFEREY MELLO,cengage education,,HR,
351,1622,STRATEGIC HUMAN RESOURCE MANAGEMENT,JEFFEREY MELLO,cengage education,,HR,
352,Z2176,STRATEGIC HUMAN RESOURCE MANAGEMENT,JEFFEREY MELLO,cengage education,,HR,
353,1108,STRATEGIC HUMAN RESOURCE MANAGEMENT,JEFFEREY MELLO,cengage education,,HR,
354,Z3019,STRATEGIC HUMAN RESOURCE MANAGEMENT,JEFFEREY MELLO,cengage education,,HR,
355,Z2169,HUMAN RESOURCE MANAGEMENT TEXT AND CASES,"R K BALYAN, J B TAKORE",BOOKS INDIA PUBLICATION,,HR,
356,Z3020,HUMAN RESOURCE MANAGEMENT TEXT AND CASES,"R K BALYAN, J B TAKORE",BOOKS INDIA PUBLICATION,,HR,
357,852,HUMAN RESOURCE MANAGEMENT IN ORGANISATIONS,IZABELA ROBINSON,JAICO PUBLISHING HOUSE ,,HR,
358,879,HUMAN RESOURCE MANAGEMENT IN ORGANISATIONS,IZABELA ROBINSON,JAICO PUBLISHING HOUSE ,,HR,
359,890,HUMAN RESOURCE MANAGEMENT,"DENISI, GRIFFIN",BIZTANTRA PUBLICATION,,HR,
360,846,HUMAN RESOURCE MANAGEMENT,"DENISI, GRIFFIN",BIZTANTRA PUBLICATION,,HR,
361,829,HUMAN RESOURCE MANAGEMENT,"FISHER, SCHOENFEIDT, SHAW",BIZTANTRA PUBLICATION,,HR,
362,860,HUMAN RESOURCE MANAGEMENT,"FISHER, SCHOENFEIDT, SHAW",BIZTANTRA PUBLICATION,,HR,
363,1087,CORPORATE ACCOUNTING ,"MAHESHWARY, MAHESHWARY",VIKAS PUBLISHING HOUSE,,Accounting,
364,816,CORPORATE ACCOUNTING ,"MAHESHWARY, MAHESHWARY",VIKAS PUBLISHING HOUSE,,Accounting,
365,833,HUMAN RESOURCE MANAGEMENT A MANAGERIAL TOOL FOR COMPETITIVE ADVANTAGE,KLEIMAN,BIZTANTRA PUBLICATION,,HR,
366,817,HUMAN RESOURCE MANAGEMENT A MANAGERIAL TOOL FOR COMPETITIVE ADVANTAGE,KLEIMAN,BIZTANTRA PUBLICATION,,HR,
367,1059,INTERNATIONAL HUMAN RESOURCE MANAGEMENT,"DOWLING, WELCH",cengage education,,HR,
368,606,ACCOUNTING FOR MANAGERS,"J MADE, GOWDA",HIMALAYA PUBLISHING HOUSE,,Accounting,
369,431,FINANCIAL ACCOUNTING FOR MANAGERIAL EMPHASIS,ASHOK BANEREGEE,EXCEL BOOKS,,Accounting,
370,Z3045,A TEXT BOOK OF ACCOUNTING FOR MANAGEMENT,"S N MAHESHWARI, S K MAHESHWARI",VIKAS PUBLISHING HOUSE,,Accounting,
371,445,A TEXT BOOK OF ACCOUNTING FOR MANAGEMENT,"S N MAHESHWARI, S K MAHESHWARI",VIKAS PUBLISHING HOUSE,,Accounting,
372,Z3046,A TEXT BOOK OF ACCOUNTING FOR MANAGEMENT,"S N MAHESHWARI, S K MAHESHWARI",VIKAS PUBLISHING HOUSE,,Accounting,
373,435,INTERNATIONAL ACCOUNTIG,"FREDERICK CHOI, GARRY K MEEK",PEARSON EDUCATION,,Accounting,
374,Z4079,ADVANCED ACCOUNTS,"M C SHUKLA, T S GREWAL, S C GUPTA",S CHAND PUBLICATION,,Accounting,
375,Z2164,MANAGEMENT ACCOUNTING ,PARESH SHAH,OXFORD,,Accounting,
376,Z2184,MANAGEMENT ACCOUNTING ,PARESH SHAH,OXFORD,,Accounting,
377,Z2183,MANAGEMENT ACCOUNTING ,PARESH SHAH,OXFORD,,Accounting,
378,Z2237,MANAGEMENT ACCOUNTING ,PARESH SHAH,OXFORD,,Accounting,
379,Z2238,MANAGEMENT ACCOUNTING ,PARESH SHAH,OXFORD,,Accounting,
380,Z2122,MANAGEMENT ACCOUNTING ,PARESH SHAH,OXFORD,,Accounting,
381,Z3018,MANAGEMENT ACCOUNTING ,PARESH SHAH,OXFORD,,Accounting,
382,Z2161,MANAGEMENT ACCOUNTING ,PARESH SHAH,OXFORD,,Accounting,
383,Z2163,MANAGEMENT ACCOUNTING ,PARESH SHAH,OXFORD,,Accounting,
384,Z2159,MANAGEMENT ACCOUNTING ,PARESH SHAH,OXFORD,,Accounting,
385,Z2160,MANAGEMENT ACCOUNTING ,PARESH SHAH,OXFORD,,Accounting,
386,Z2162,MANAGEMENT ACCOUNTING ,PARESH SHAH,OXFORD,,Accounting,
387,Z2218,MANAGEMENT ACCOUNTING ,PARESH SHAH,OXFORD,,Accounting,
388,436,MANAGEMENT ACCOUNTING ,"ATKISON, KAPLAN, YOUND",PEARSON EDUCATION,,Accounting,
389,424,MANAGEMENT ACCOUNTING ,"ATKISON, KAPLAN, YOUND",PEARSON EDUCATION,,Accounting,
390,422,MANAGEMENT ACCOUNTING ,"ATKISON, KAPLAN, YOUND",PEARSON EDUCATION,,Accounting,
391,563,ACCOUNTING FOR MANAGERS,"R L GUPTA, V K GUPTA",S CHAND PUBLICATION,,Accounting,
392,629,ACCOUNTING FOR MANAGERS,"R L GUPTA, V K GUPTA",S CHAND PUBLICATION,,Accounting,
393,1148,ACCOUNTING FOR MANAGERS,"R L GUPTA, V K GUPTA",S CHAND PUBLICATION,,Accounting,
394,Z3018A,ACCOUNTING FOR MANAGERS,"R L GUPTA, V K GUPTA",S CHAND PUBLICATION,,Accounting,
395,434,COST ACCOUNTING MANAGERIAL EMPHASIS,"HORNGREN, DATAR, FOSTER",PHI,,Accounting,
396,433,COST ACCOUNTING MANAGERIAL EMPHASIS,"HORNGREN, DATAR, FOSTER",PHI,,Accounting,
397,423,COST ACCOUNTING MANAGERIAL EMPHASIS,"HORNGREN, DATAR, FOSTER",PHI,,Accounting,
398,429,COST ACCOUNTING MANAGERIAL EMPHASIS,"HORNGREN, DATAR, FOSTER",PHI,,Accounting,
399,433,COST ACCOUNTING MANAGERIAL EMPHASIS,"HORNGREN, DATAR, FOSTER",PHI,,Accounting,
400,425,COST ACCOUNTING MANAGERIAL EMPHASIS,"HORNGREN, DATAR, FOSTER",PHI,,Accounting,
401,453,COST ACCOUNTING MANAGERIAL EMPHASIS,"HORNGREN, DATAR, FOSTER",PHI,,Accounting,
402,461,COST ACCOUNTING MANAGERIAL EMPHASIS,"HORNGREN, DATAR, FOSTER",PHI,,Accounting,
403,Z3025,ESSENTIALS OF FINANCIAL ACCOUNTING,ASISH BHATTACHARYA,PHI,,Accounting,
404,452,ACCOUNTING FOR MANAGEMENT,"S K BHATTACHARYA, JOHN DEARDEN",VIKAS PUBLISHING HOUSE,,Accounting,
405,427,ACCOUNTING FOR MANAGEMENT,"S K BHATTACHARYA, JOHN DEARDEN",VIKAS PUBLISHING HOUSE,,Accounting,
406,460,ACCOUNTING FOR MANAGEMENT,"S K BHATTACHARYA, JOHN DEARDEN",VIKAS PUBLISHING HOUSE,,Accounting,
407,1123,ACCOUNTING FOR MANAGEMENT,"S K BHATTACHARYA, JOHN DEARDEN",VIKAS PUBLISHING HOUSE,,Accounting,
408,418,ACCOUNTING FOR MANAGEMENT,"S K BHATTACHARYA, JOHN DEARDEN",VIKAS PUBLISHING HOUSE,,Accounting,
409,451,ACCOUNTING FOR MANAGEMENT,"S K BHATTACHARYA, JOHN DEARDEN",VIKAS PUBLISHING HOUSE,,Accounting,
410,456,ACCOUNTING FOR MANAGEMENT,"S K BHATTACHARYA, JOHN DEARDEN",VIKAS PUBLISHING HOUSE,,Accounting,
411,457,ACCOUNTING FOR MANAGEMENT,"S K BHATTACHARYA, JOHN DEARDEN",VIKAS PUBLISHING HOUSE,,Accounting,
412,458,ACCOUNTING FOR MANAGEMENT,"S K BHATTACHARYA, JOHN DEARDEN",VIKAS PUBLISHING HOUSE,,Accounting,
413,458,ACCOUNTING FOR MANAGEMENT,"S K BHATTACHARYA, JOHN DEARDEN",VIKAS PUBLISHING HOUSE,,Accounting,
414,459,ACCOUNTING FOR MANAGEMENT,"S K BHATTACHARYA, JOHN DEARDEN",VIKAS PUBLISHING HOUSE,,Accounting,
415,424,ADVANCE MANAGEMENT ACCOUNTING,"KAPLAN, ATKINSON",PEARSON EDUCATION,,Accounting,
416,2061,BUSINESS STATISTICS,S K SHARMA ,PEARSON EDUCATION,,STATISTICS,
417,608,MATHAMATICS STATISTICS,"AJAY GOEL, ALKA GOEL",TATA MCGRAW HILL,,STATISTICS,
418,558,STATISTICAL METHODS,S P GUPTA,S CHAND PUBLICATION,,STATISTICS,
419,547,COMPLETE BUSINESS STATISTICS,"AMIR DACZEL, SOANDER PANDIAR",TATA MCGRAW HILL,,STATISTICS,
420,550,COMPLETE BUSINESS STATISTICS,"AMIR DACZEL, SOANDER PANDIAR",TATA MCGRAW HILL,,STATISTICS,
421,Z4002,BUSINESS STATISTICS FOR CONTEMPORARY DECISION MAKING,KEN BLACK,WILEY,,STATISTICS,
422,Z4003,STATISTICS FOR MANAGEMENT,"RICHARD LEVIN, DAVID RUBIN ",PEARSON EDUCATION,,STATISTICS,
423,566,A TEXTBOOK OF BUSINESS STATISTICS,PADMLOCHAN HAZARIKA,S CHAND PUBLICATION,,STATISTICS,
424,537,STATISTICAL TOOLS FOR MANAGERS USING MS EXCEL,D P PATEL ,EXCEL BOOKS,,STATISTICS,
425,1175,STATISTICAL TOOLS FOR MANAGERS USING MS EXCEL,D P PATEL ,EXCEL BOOKS,,STATISTICS,
426,225,BUSINESS MATHAMATICS,V K KAPOOR,S CHAND PUBLICATION,,STATISTICS,
427,227,BUSINESS MATHAMATICS,"QAZI ZAMIRUDIN, S K BHAMBRI, V K KHANNA",VIKAS PUBLISHING HOUSE,,STATISTICS,
428,Z6001,JAIV VIVIDHATA,K H GOHIL,,,GENERAL ,
429,Z6002,CHUTELA SHER SHRENI,AMRUT GHAYAL,,,GENERAL ,
430,Z6003,CHHAND ANE ALANKAR,RAKSHABEN DAVE,,,KSKV(B.A.),
431,Z6004,SAMAS ANE SANDHI,PRAHLAD CHAUDHARI,,,KSKV(B.A.),
432,Z6005,GUJRATI BHASHA SWAROOP ANE VIKAS,,,,KSKV(B.A.),
433,Z6006,SAHITYA VIVECHAN NA SIDHDHANTO,,,,KSKV(B.A.),
434,Z6007,GUJRATI SAHITYA MADHYAKAL,,,,KSKV(B.A.),
435,Z6008,SWATANTROYATAR SAHITYA ADHUNIK YUG NO AABHYASH,,,,KSKV(B.A.),
436,Z6009,ARVACHIN GUJRATI SAHITYA NO ITIHAS,,,,KSKV(B.A.),
437,Z6010,VIDISHA,,,,KSKV(B.A.),
438,Z6011,SAHITYA SWAROOP KHANDKAVYO,,,,KSKV(B.A.),
439,Z6012,KALAPI NA SHRESHTH KAVYO,,,,KSKV(B.A.),
440,Z6013,AANGALIYAT,,,,KSKV(B.A.),
441,Z6014,SHIYALANI SAWAR NO TADKO,,,,KSKV(B.A.),
442,Z6015,GANGOTRI,,,,KSKV(B.A.),
443,Z6016,MELO,,,,KSKV(B.A.),
444,Z6017,MEGHLI RAAT,,,,KSKV(B.A.),
445,Z6018,"SAHITYA, SAMUH MADHYAM ANE LEKHAN KAUSHAL",,,,KSKV(B.A.),
446,1122,MULTINATIONAL FINANCIAL MANAGEMENT,ALAN SHAPIRO,WILEY,,FINANCE,
447,Z4001,INDIAN FINANCIAL SYSTEM,KHAN,TATA MCGRAW HILL,,FINANCE,
448,Z2125,FINANCIAL SERVICES AND SYSTEM,"K SHASHIDHARAN, ALEX MATHEWS",TATA MCGRAW HILL,,FINANCE,
449,615,FINANCIAL SERVICES AND SYSTEM,"K SHASHIDHARAN, ALEX MATHEWS",TATA MCGRAW HILL,,FINANCE,
450,610,STRATEGIC FINANCIAL MANAGEMENT ,RAVI KISHORE ,TAXMANN,,FINANCE,
451,Z2218,STRATEGIC FINANCIAL MANAGEMENT ,RAVI KISHORE ,TAXMANN,,FINANCE,
452,630,STRATEGIC FINANCIAL MANAGEMENT ,RAVI KISHORE ,TAXMANN,,FINANCE,
453,631,STRATEGIC FINANCIAL MANAGEMENT ,RAVI KISHORE ,TAXMANN,,FINANCE,
454,471,MATERIAL AND FINANCIAL MANAGEMENT,"C M SADIWALA, RITESH SADIWALA",NEW AGE INTERNATIONAL PUBLICATION,,FINANCE,
455,485,INDIAN FINANCIAL SYSTEM,H R MACHIRAJU,VIKAS PUBLISHING HOUSE,,FINANCE,
456,483,INTERNATIONAL FINANCIAL MANAGEMENT,V SHARAN,PHI,,FINANCE,
457,1110,INTERNATIONAL FINANCIAL MANAGEMENT,V SHARAN,PHI,,FINANCE,
458,470,INTERNATIONAL FINANCIAL MANAGEMENT,V SHARAN,PHI,,FINANCE,
459,480,FINANCIAL MANAGEMENT,PARESH SHAH,BIZTANTRA PUBLICATION,,FINANCE,
460,Z2210,INDIAN FINANCIAL SYSTEM,PRASSAND CHANDRA,PEARSON EDUCATION,,FINANCE,
461,2215,INDIAN FINANCIAL SYSTEM,PRASSAND CHANDRA,PEARSON EDUCATION,,FINANCE,
462,Z2212,INDIAN FINANCIAL SYSTEM,PRASSAND CHANDRA,PEARSON EDUCATION,,FINANCE,
463,Z2213,INDIAN FINANCIAL SYSTEM,PRASSAND CHANDRA,PEARSON EDUCATION,,FINANCE,
464,Z3022,FINANCIAL SERVICES IN INDIA,V A AVADHANI,HIMALAYA PUBLISHING HOUSE,,FINANCE,
465,Z5124,FINANCIAL INSTITUTIONAL AND MARKETS,L M BHOLE,TATA MCGRAW HILL,,FINANCE,
466,476,FINANCIAL INSTITUTIONAL AND MARKETS,L M BHOLE,TATA MCGRAW HILL,,FINANCE,
467,1215,INTERNATIONAL FINANCIAL MANAGEMENT,"EUN, RENSIK",MCGRAW HILL,,FINANCE,
468,378,ESSENTIALS OF FINANCIAL MANAGEMENT,I M PANDEY,PEARSON EDUCATION,,FINANCE,
469,374,ESSENTIALS OF FINANCIAL MANAGEMENT,I M PANDEY,PEARSON EDUCATION,,FINANCE,
470,386,ESSENTIALS OF FINANCIAL MANAGEMENT,I M PANDEY,PEARSON EDUCATION,,FINANCE,
471,381,ESSENTIALS OF FINANCIAL MANAGEMENT,I M PANDEY,PEARSON EDUCATION,,FINANCE,
472,380,ESSENTIALS OF FINANCIAL MANAGEMENT,I M PANDEY,PEARSON EDUCATION,,FINANCE,
473,Z2199,ESSENTIALS OF FINANCIAL MANAGEMENT,I M PANDEY,PEARSON EDUCATION,,FINANCE,
474,Z2200,ESSENTIALS OF FINANCIAL MANAGEMENT,I M PANDEY,PEARSON EDUCATION,,FINANCE,
475,Z2201,ESSENTIALS OF FINANCIAL MANAGEMENT,I M PANDEY,PEARSON EDUCATION,,FINANCE,
476,Z2202,ESSENTIALS OF FINANCIAL MANAGEMENT,I M PANDEY,PEARSON EDUCATION,,FINANCE,
477,Z2203,ESSENTIALS OF FINANCIAL MANAGEMENT,I M PANDEY,PEARSON EDUCATION,,FINANCE,
478,Z2204,ESSENTIALS OF FINANCIAL MANAGEMENT,I M PANDEY,PEARSON EDUCATION,,FINANCE,
479,Z2205,ESSENTIALS OF FINANCIAL MANAGEMENT,I M PANDEY,PEARSON EDUCATION,,FINANCE,
480,Z2206,ESSENTIALS OF FINANCIAL MANAGEMENT,I M PANDEY,PEARSON EDUCATION,,FINANCE,
481,Z2207,ESSENTIALS OF FINANCIAL MANAGEMENT,I M PANDEY,PEARSON EDUCATION,,FINANCE,
482,Z2208,ESSENTIALS OF FINANCIAL MANAGEMENT,I M PANDEY,PEARSON EDUCATION,,FINANCE,
483,1208,FUNDAMENTALS OF FINSNCIAL MANAGEMENT,"VAN HORNE, WACHOWICZ JR",PHI,,FINANCE,
484,478,FINANCIAL MANAGEMENT,"S P SRINIVASAN, B JANKIRAM",BIZTANTRA PUBLICATION,,FINANCE,
485,479,FINANCIAL MANAGEMENT,"S P SRINIVASAN, B JANKIRAM",BIZTANTRA PUBLICATION,,FINANCE,
486,481,FINANCIAL MANAGEMENT,"S P SRINIVASAN, B JANKIRAM",BIZTANTRA PUBLICATION,,FINANCE,
487,509,FINANCIAL MANAGEMENT,"S P SRINIVASAN, B JANKIRAM",BIZTANTRA PUBLICATION,,FINANCE,
488,Z2185,FINANCIAL MANAGEMENT THEORY AND PRACTICE,PRASSANNA CHANDRA,MCGRAW HILL,,FINANCE,
489,Z2186,FINANCIAL MANAGEMENT THEORY AND PRACTICE,PRASSANNA CHANDRA,MCGRAW HILL,,FINANCE,
490,482,FINANCIAL MANAGEMENT THEORY AND PRACTICE,PRASSANNA CHANDRA,MCGRAW HILL,,FINANCE,
491,Z2151,FINANCIAL MANAGEMENT THEORY AND PRACTICE,PRASSANNA CHANDRA,MCGRAW HILL,,FINANCE,
492,Z2187,FINANCIAL MANAGEMENT THEORY AND PRACTICE,PRASSANNA CHANDRA,MCGRAW HILL,,FINANCE,
493,Z2150,FINANCIAL MANAGEMENT THEORY AND PRACTICE,PRASSANNA CHANDRA,MCGRAW HILL,,FINANCE,
494,Z2188,FINANCIAL MANAGEMENT THEORY AND PRACTICE,PRASSANNA CHANDRA,MCGRAW HILL,,FINANCE,
495,Z2148,FINANCIAL MANAGEMENT THEORY AND PRACTICE,PRASSANNA CHANDRA,MCGRAW HILL,,FINANCE,
496,Z2189,FINANCIAL MANAGEMENT THEORY AND PRACTICE,PRASSANNA CHANDRA,MCGRAW HILL,,FINANCE,
497,Z3011,FINANCIAL MANAGEMENT THEORY AND PRACTICE,PRASSANNA CHANDRA,MCGRAW HILL,,FINANCE,
498,Z2190,FINANCIAL MANAGEMENT THEORY AND PRACTICE,PRASSANNA CHANDRA,MCGRAW HILL,,FINANCE,
499,Z3010,FINANCIAL MANAGEMENT THEORY AND PRACTICE,PRASSANNA CHANDRA,MCGRAW HILL,,FINANCE,
500,Z2185,FINANCIAL MANAGEMENT THEORY AND PRACTICE,PRASSANNA CHANDRA,MCGRAW HILL,,FINANCE,
501,Z2191,FINANCIAL MANAGEMENT THEORY AND PRACTICE,PRASSANNA CHANDRA,MCGRAW HILL,,FINANCE,
502,Z2192,FINANCIAL MANAGEMENT THEORY AND PRACTICE,PRASSANNA CHANDRA,MCGRAW HILL,,FINANCE,
503,Z2193,FINANCIAL MANAGEMENT THEORY AND PRACTICE,PRASSANNA CHANDRA,MCGRAW HILL,,FINANCE,
504,Z2194,FINANCIAL MANAGEMENT THEORY AND PRACTICE,PRASSANNA CHANDRA,MCGRAW HILL,,FINANCE,
505,Z2195,FINANCIAL MANAGEMENT THEORY AND PRACTICE,PRASSANNA CHANDRA,MCGRAW HILL,,FINANCE,
506,Z2196,FINANCIAL MANAGEMENT THEORY AND PRACTICE,PRASSANNA CHANDRA,MCGRAW HILL,,FINANCE,
507,Z2197,FINANCIAL MANAGEMENT THEORY AND PRACTICE,PRASSANNA CHANDRA,MCGRAW HILL,,FINANCE,
508,Z2198,FINANCIAL MANAGEMENT THEORY AND PRACTICE,PRASSANNA CHANDRA,MCGRAW HILL,,FINANCE,
509,315,PRINCIPLES OF MICROECONOMICS,MANKIW,THOMSON PUBLICATION ,,ECONOMICS,
510,283,PRINCIPLES OF MICROECONOMICS,MANKIW,THOMSON PUBLICATION ,,ECONOMICS,
511,314,PRINCIPLES OF MICROECONOMICS,MANKIW,THOMSON PUBLICATION ,,ECONOMICS,
512,284,PRINCIPLES OF MICROECONOMICS,MANKIW,THOMSON PUBLICATION ,,ECONOMICS,
513,285,PRINCIPLES OF MICROECONOMICS,MANKIW,THOMSON PUBLICATION ,,ECONOMICS,
514,231,MICROECONOMICS,M JOHN KENNEDY,HIMALAYA PUBLISHING HOUSE,,ECONOMICS,
515,313,INDIAN ECONOMY,A N AGRAWAL,NEW AGE INTERNATIONAL PUBLICATION,,ECONOMICS,
516,282,INDIAN ECONOMY,A N AGRAWAL,NEW AGE INTERNATIONAL PUBLICATION,,ECONOMICS,
517,281,INDIAN ECONOMY,A N AGRAWAL,NEW AGE INTERNATIONAL PUBLICATION,,ECONOMICS,
518,Z2180,INDIAN ECONOMY,A N AGRAWAL,NEW AGE INTERNATIONAL PUBLICATION,,ECONOMICS,
519,1238,MICROECONOMIC THEORY,M L JHINGAN,VRINDA PUBLICATION,,ECONOMICS,
520,1251,MICROECONOMIC THEORY,M L JHINGAN,VRINDA PUBLICATION,,ECONOMICS,
521,309,INDIAN ECONOMY,"MISRA, PURI",HIMALAYA PUBLISHING HOUSE,,ECONOMICS,
522,273,INDIAN ECONOMY,"MISRA, PURI",HIMALAYA PUBLISHING HOUSE,,ECONOMICS,
523,274,INDIAN ECONOMY,"MISRA, PURI",HIMALAYA PUBLISHING HOUSE,,ECONOMICS,
524,Z2250,INDIAN ECONOMY,"MISRA, PURI",HIMALAYA PUBLISHING HOUSE,,ECONOMICS,
525,271,INDIAN ECONOMY,"MISRA, PURI",HIMALAYA PUBLISHING HOUSE,,ECONOMICS,
526,272,INDIAN ECONOMY,"MISRA, PURI",HIMALAYA PUBLISHING HOUSE,,ECONOMICS,
527,1173,ECONOMICS,"LIPSEY, CHRYSTAL",OXFORD,,ECONOMICS,
528,1216,ECONOMICS,"LIPSEY, CHRYSTAL",OXFORD,,ECONOMICS,
529,335,MENEGERIAL ECONOMICS,G S GUPTA,TATA MCGRAW HILL,,ECONOMICS,
530,336,MENEGERIAL ECONOMICS,G S GUPTA,TATA MCGRAW HILL,,ECONOMICS,
531,334,MENEGERIAL ECONOMICS,G S GUPTA,TATA MCGRAW HILL,,ECONOMICS,
532,345,MENEGERIAL ECONOMICS,"KEATING, WILSON",BIZTANTRA PUBLICATION,,ECONOMICS,
533,346,MENEGERIAL ECONOMICS,"KEATING, WILSON",BIZTANTRA PUBLICATION,,ECONOMICS,
534,316,MENEGERIAL ECONOMICS,"KEATING, WILSON",BIZTANTRA PUBLICATION,,ECONOMICS,
535,1132,BANKING AND INSURANCE,O P AGRAWAL,HIMALAYA PUBLISHING HOUSE,,ECONOMICS,
536,1133,BANKING AND INSURANCE,O P AGRAWAL,HIMALAYA PUBLISHING HOUSE,,ECONOMICS,
537,2346,ECONOMICS PRINCIPLES AND APPLICATION,MANKIW,CENAGE LEARING,,ECONOMICS,
538,2187,ECONOMICS PRINCIPLES AND APPLICATION,MANKIW,CENAGE LEARING,,ECONOMICS,
539,2279,ECONOMICS PRINCIPLES AND APPLICATION,MANKIW,CENAGE LEARING,,ECONOMICS,
540,2213,ECONOMICS PRINCIPLES AND APPLICATION,MANKIW,CENAGE LEARING,,ECONOMICS,
541,302,MACROECONOMICS,G S GUPTA,TATA MCGRAW HILL,,ECONOMICS,
542,306,MACROECONOMICS,G S GUPTA,TATA MCGRAW HILL,,ECONOMICS,
543,305,MACROECONOMICS,G S GUPTA,TATA MCGRAW HILL,,ECONOMICS,
544,197,MACROECONOMICS,G S GUPTA,TATA MCGRAW HILL,,ECONOMICS,
545,300,MACROECONOMICS,G S GUPTA,TATA MCGRAW HILL,,ECONOMICS,
546,307,MACROECONOMICS,G S GUPTA,TATA MCGRAW HILL,,ECONOMICS,
547,308,MACROECONOMICS,G S GUPTA,TATA MCGRAW HILL,,ECONOMICS,
548,1248,MICROECONOMICS,S K AGRAWAL,EXCEL BOOKS,,ECONOMICS,
549,1249,MICROECONOMICS,S K AGRAWAL,EXCEL BOOKS,,ECONOMICS,
550,1252,INDIAN ECONOMY PROBLEMS OF DEVLOPMENT AND PLANNING,A N AGRAWAL,NEW AGE INTERNATIONAL PUBLICATION,,ECONOMICS,
551,1257,INDIAN ECONOMY PROBLEMS OF DEVLOPMENT AND PLANNING,A N AGRAWAL,NEW AGE INTERNATIONAL PUBLICATION,,ECONOMICS,
552,337,MANAGERIAL ECONOMICS,"H CRAIG PETERSEN, W CRIS LEWIS",PHI,,ECONOMICS,
553,319,MANAGERIAL ECONOMICS,D N DWIVEDI,VIKAS PUBLISHING HOUSE,,ECONOMICS,
554,286,ECONOMICS PRINCIPLES AND APPLICATION,MANKIW,CENAGE LEARING,,ECONOMICS,
555,2192,ECONOMICS PRINCIPLES AND APPLICATION,MANKIW,CENAGE LEARING,,ECONOMICS,
556,Z3074,MANAGERIAL ECONOMICS,H L AHUJA,S CHAND PUBLICATION,,ECONOMICS,
557,310,MACROECONOMICS,"DORNBUSH, FISHER, STRARTZ",TATA MCGRAW HILL,,ECONOMICS,
558,311,MACROECONOMICS,"DORNBUSH, FISHER, STRARTZ",TATA MCGRAW HILL,,ECONOMICS,
559,287,THE NEW MANAGERIAL ECONOMICS,WILLIAM BOYES,BIZTANTRA PUBLICATION,,ECONOMICS,
560,294,THE NEW MANAGERIAL ECONOMICS,WILLIAM BOYES,BIZTANTRA PUBLICATION,,ECONOMICS,
561,343,THE NEW MANAGERIAL ECONOMICS,WILLIAM BOYES,BIZTANTRA PUBLICATION,,ECONOMICS,
562,388,MANAGERIAL ECONOMICS PROBLEM SOLVING APPROCH,FRED MCCAN,THOMSON PUBLICATION ,,ECONOMICS,
563,278,INTERNATIONAL ECONOMICS,H G MANNAR,VIKAS PUBLISHING HOUSE,,ECONOMICS,
564,310,INTERNATIONAL ECONOMICS,H G MANNAR,VIKAS PUBLISHING HOUSE,,ECONOMICS,
565,280,INTERNATIONAL ECONOMICS,H G MANNAR,VIKAS PUBLISHING HOUSE,,ECONOMICS,
566,279,INTERNATIONAL ECONOMICS,H G MANNAR,VIKAS PUBLISHING HOUSE,,ECONOMICS,
567,330,MANAGERIAL ECONOMICS CONSEPT AND CASES,"V L MOTE, SAMMUEL, G S GUPTA",TATA MCGRAW HILL,,ECONOMICS,
568,331,MANAGERIAL ECONOMICS CONSEPT AND CASES,"V L MOTE, SAMMUEL, G S GUPTA",TATA MCGRAW HILL,,ECONOMICS,
569,332,MANAGERIAL ECONOMICS CONSEPT AND CASES,"V L MOTE, SAMMUEL, G S GUPTA",TATA MCGRAW HILL,,ECONOMICS,
570,325,MANAGERIAL ECONOMICS CONSEPT AND CASES,"V L MOTE, SAMMUEL, G S GUPTA",TATA MCGRAW HILL,,ECONOMICS,
571,340,TEXTBOOK OF ECONOMICS ,"WILLIAM BOYES, MICHEL MELVIN",BIZTANTRA PUBLICATION,,ECONOMICS,
572,342,TEXTBOOK OF ECONOMICS ,"WILLIAM BOYES, MICHEL MELVIN",BIZTANTRA PUBLICATION,,ECONOMICS,
573,181,MANGERIAL MECHANICS,"ERIC P BLOOM, S K MANDAL",INFINITY BOOKS,,GENERAL (C2R1),
574,Z3078,MANGERIAL MECHANICS,"ERIC P BLOOM, S K MANDAL",INFINITY BOOKS,,GENERAL (C2R1),
575,986,TOTAL QULITY MANGEMENT,S K MANDAL,VIKAS PUBLISHING HOUSE,,GENERAL (C2R1),
576,504,SECURATY ANALYSIS AND PORTFOLIO MANAGEMENT,V A AVADHANI,HIMALAYA PUBLISHING HOUSE,,GENERAL (C2R1),
577,Z3079,STRATEGIC BRAND MANAGEMENT ,"KEVIN LANE, KELLER",PEARSON EDUCATION,,GENERAL (C2R1),
578,125,50 CASE STUDIES IN MANAGEMENT TRAINING,ALAN CLARDY,JAICO PUBLISHING HOUSE ,,GENERAL (C2R1),
579,131,50 CASE STUDIES IN MANAGEMENT TRAINING,ALAN CLARDY,JAICO PUBLISHING HOUSE ,,GENERAL (C2R1),
580,Z3065,GROWTH AND STRUCURE OF INDUSTRIES,"H K TRIVEDI, P M NARIELWALA",B S SHAH PRAKASHAN,,GENERAL (C2R1),
581,141,CREATIVITY,A DALE TIMPLE,JAICO PUBLISHING HOUSE ,,GENERAL (C2R1),
582,101,CREATIVITY,A DALE TIMPLE,JAICO PUBLISHING HOUSE ,,GENERAL (C2R1),
583,126,CREATIVITY,A DALE TIMPLE,JAICO PUBLISHING HOUSE ,,GENERAL (C2R1),
584,Z3067,INTERNATIONAL JOURNAL OF RURAL MANAGEMENT ,DEBIPRASHAD MISRA,,,GENERAL (C2R1),
585,Z3068,IN THE WONDERLAND OF INDIAN MANAGERS,R K LAXMAN,VIKAS PUBLISHING HOUSE,,GENERAL (C2R1),
586,Z3070,A COURSE IN LISENING AND SPEACKEING,"V SASIKARAN, P KIRANMAI DUTT, GEETA RAJEEVAN",FOUNFATION BOOKS,,GENERAL (C2R1),
587,617,REVIEW OF MARKET INTEGRATION ,SUBHASHIS GANGOPADHYAY,SAGE PUBLICTION,,GENERAL (C2R1),
588,Z3070,REASEACH METHODS,WILLIAM M K TROCHIM,BIZTANTRA PUBLICATION,,GENERAL (C2R1),
589,972,PRODUCTION AND OPERATIONS MANAGEMENT,"S A CHUNNAWALA, D R PATEL",HIMALAYA PUBLISHING HOUSE,,GENERAL (C2R1),
590,830,BUSINESS RESEARCH METHODOLOGY,J K SACHDEVA,HIMALAYA PUBLISHING HOUSE,,GENERAL (C2R1),
591,Z3075,SECRETRIAL PRACTICES,M C KUCHHAL,VIKAS PUBLISHING HOUSE,,GENERAL (C2R1),
592,1131,PRODUCTION AND OPERATIONS MANAGEMENT,UPENDRA KACHRU,EXCEL BOOKS,,GENERAL (C2R1),
593,1001,PRODUCTION AND OPERATIONS MANAGEMENT,UPENDRA KACHRU,EXCEL BOOKS,,GENERAL (C2R1),
594,984,PURCHASING AND MATERIAL MANAGEMENT,N K NAIR,VIKAS PUBLISHING HOUSE,,GENERAL (C2R1),
595,Z3076,PURCHASING AND MATERIAL MANAGEMENT,N K NAIR,VIKAS PUBLISHING HOUSE,,GENERAL (C2R1),
596,Z3077,INTERNATIONAL RELATION IN INDIA THEORISING  THE REGION AND NATION,"KANTI BAJPAI, SIDDHARTH MALLAVARAPU",ORIENT LONGMAN,,GENERAL (C2R1),
597,175,CLOSING THE SALE A COMPLETE BOOK ON THE ART OF SELLING,BAN GAY 3,INFINITY BOOKS,,GENERAL (C2R1),
598,721,RETAIL SELLING ,PETER FLEMING,JAICO PUBLISHING HOUSE ,,GENERAL (C2R1),
599,714,RETAIL SELLING ,PETER FLEMING,JAICO PUBLISHING HOUSE ,,GENERAL (C2R1),
600,Z3078,INCOME TAX,"VINOD SINGAHNIA, MONICA SINGHANIA",TAXMANN,,GENERAL (C2R1),
601,1313,FINANCIAL STATEMENT ANALYSIS AND VALUEATION  CONSEPT AND CASES,"PRATAPSINGH CHAUHAN, VISHAL PATIDAR",,,GENERAL (C2R1),
602,Z3051,GETTING HARD,DAVID HILL,JAICO PUBLISHING HOUSE ,,GENERAL (C2R1),
603,Z3052,STRATEGIC PLANNING WORKBOOK,NEVILLE LAKE,KOGAN PAGE,,GENERAL (C2R1),
604,760,RETAIL MANAGEMENT FUNCTIONAL PRINCIPLES AND PRACTICES,"GIBSON, G VEDAMANI ",JAICO PUBLISHING HOUSE ,,GENERAL (C2R1),
605,Z2487,INVESTMENT MANAGEMENT,V K BHANU,S CHAND PUBLICATION,,GENERAL (C2R1),
606,Z3053,STRETEGIC MANAGEMENT AND BUSINESS POLICY,AZHAR KAZMI,TATA MCGRAW HILL,,GENERAL (C2R1),
607,Z3045,THE ENTHUSIASTIC EMPLOYEE,"SITORA, MISCHKIND, MELTZER",PEARSON EDUCATION,,GENERAL (C2R1),
608,598,MANAGEMENT RESEARCH AND MATHADOLOGY,"KRISHNASWAMY, SHIVKUMAR, M MATHI",JAICO PUBLISHING HOUSE ,,GENERAL (C2R1),
609,597,MANAGEMENT RESEARCH AND MATHADOLOGY,"KRISHNASWAMY, SHIVKUMAR, M MATHI",JAICO PUBLISHING HOUSE ,,GENERAL (C2R1),
610,559,QUANTITATIVE TECHNIQUES IN BUSINESS,ADITHAM RAO,JAICO PUBLISHING HOUSE ,,GENERAL (C2R1),
611,1191,CHANGE MANAGEMENT IN ORGANIZATIN,MARK HUGHES,JAICO PUBLISHING HOUSE ,,GENERAL (C2R1),
612,981,SUPPLY CHAIN MODELLING AND SOLUTIONS,"B S SAHAY, A K GUPTA",MACMILLAN EDUCATION,,GENERAL (C2R1),
613,Z3056,TOURSIUM PROMOTION AND DEVLOPMENT,"G S BATRA, R C DANGAAL",DD,,GENERAL (C2R1),
614,81,CREATING CULTURE CHANGE ,PHILIP ATKINSON,JAICO PUBLISHING HOUSE ,,GENERAL (C2R1),
615,82,CREATING CULTURE CHANGE ,PHILIP ATKINSON,JAICO PUBLISHING HOUSE ,,GENERAL (C2R1),
616,83,CREATING CULTURE CHANGE ,PHILIP ATKINSON,JAICO PUBLISHING HOUSE ,,GENERAL (C2R1),
617,1121,INTRODUCTION TO BANKING,VIJAYAGAVAN IYENGER,EXCEL BOOKS,,GENERAL (C2R1),
618,1101,INTRODUCTION TO BANKING,VIJAYAGAVAN IYENGER,EXCEL BOOKS,,GENERAL (C2R1),
619,702,RETAILING PRINCIPLE AND PRACTICE,D P SHARMA,HIMALAYA PUBLISHING HOUSE,,GENERAL (C2R1),
620,Z3059,PUBLIC SPEAKING,"MICHEAL OBSORN, SUZANNE OBSERN",BIZTANTRA PUBLICATION,,GENERAL (C2R1),
621,1195,SALES MANAGEMENT,"RICHARD STILL, EDWARD CUNDIFF, VORMAN GOVONI",,,GENERAL (C2R1),
622,1218,SALES MANAGEMENT,"RICHARD STILL, EDWARD CUNDIFF, VORMAN GOVONI",,,GENERAL (C2R1),
623,628,CORPORATE FINANCE,ASWATH RAMODARAN,,,GENERAL (C2R1),
624,613,CORPORATE FINANCE,ASWATH RAMODARAN,,,GENERAL (C2R1),
625,611,CORPORATE FINANCE,ASWATH RAMODARAN,,,GENERAL (C2R1),
626,607,CORPORATE FINANCE,ASWATH RAMODARAN,,,GENERAL (C2R1),
627,612,CORPORATE FINANCE,ASWATH RAMODARAN,,,GENERAL (C2R1),
628,119,PRACTICLE MANAGEMENT SCIENCE,"WINSTON, ALBRIGHT",,,GENERAL (C2R1),
629,172,PRACTICLE MANAGEMENT SCIENCE,"WINSTON, ALBRIGHT",,,GENERAL (C2R1),
630,785,CONTEMPORARY BUSINESS COMMNUNICATION,SCOTOBER,,,GENERAL (C2R1),
631,910,CONTEMPORARY BUSINESS COMMNUNICATION,SCOTOBER,,,GENERAL (C2R1),
632,1024,PRODUCTION AND OPERATIONS MANAGEMENT,JOSHEPH S MARTINICH,,,GENERAL (C2R1),
633,Z2175,PRODUCTION AND OPERATIONS MANAGEMENT,JOSHEPH S MARTINICH,,,GENERAL (C2R1),
